{
  "北京大学": [
    116.310918,
    39.992873
  ],
  "中国人民大学": [
    116.319748,
    39.97047
  ],
  "清华大学": [
    116.326936,
    40.003213
  ],
  "北京交通大学": [
    116.342757,
    39.952311
  ],
  "北京工业大学": [
    116.482125,
    39.877113
  ],
  "北京航空航天大学": [
    116.350943,
    39.980626
  ],
  "北京理工大学": [
    116.31085,
    39.960914
  ],
  "北京科技大学": [
    116.364139,
    39.992873
  ],
  "北京化工大学": [
    116.503524,
    39.887368
  ],
  "北京邮电大学": [
    116.358104,
    39.961554
  ],
  "中国农业大学": [
    116.282399,
    40.027491
  ],
  "北京林业大学": [
    116.347477,
    40.005901
  ],
  "北京协和医学院": [
    116.198003,
    39.944042
  ],
  "北京中医药大学": [
    116.428181,
    39.971238
  ],
  "北京师范大学": [
    116.364139,
    39.962637
  ],
  "首都师范大学": [
    116.305766,
    39.930146
  ],
  "北京外国语大学": [
    116.310238,
    39.955164
  ],
  "中国传媒大学": [
    116.557391,
    39.912312
  ],
  "中央财经大学": [
    116.342365,
    39.959488
  ],
  "对外经济贸易大学": [
    116.427753,
    39.98036
  ],
  "中国人民公安大学": [
    116.36633,
    39.765815
  ],
  "北京体育大学": [
    116.318746,
    40.024529
  ],
  "中央音乐学院": [
    116.359501,
    39.90268
  ],
  "中国音乐学院": [
    116.379021,
    39.991518
  ],
  "中央美术学院": [
    116.463893,
    39.983546
  ],
  "中央民族大学": [
    116.320491,
    39.950579
  ],
  "中国政法大学": [
    116.245485,
    40.221068
  ],
  "华北电力大学": [
    116.310446,
    40.089821
  ],
  "中国矿业大学（北京）": [
    116.358104,
    39.961554
  ],
  "中国石油大学（北京）": [
    116.246464,
    40.218641
  ],
  "中国地质大学（北京）": [
    116.350195,
    39.993325
  ],
  "中国科学院大学": [
    116.330204,
    39.981162
  ],
  "南开大学": [
    117.157664,
    39.106185
  ],
  "天津大学": [
    117.311568,
    38.992672
  ],
  "天津工业大学": [
    117.238918,
    39.133503
  ],
  "天津医科大学": [
    117.184676,
    39.107985
  ],
  "天津中医药大学": [
    117.201509,
    39.085318
  ],
  "河北工业大学": [
    117.134949,
    39.201156
  ],
  "华北电力大学（保定）": [
    115.505224,
    38.877102
  ],
  "山西大学": [
    113.230259,
    40.07387
  ],
  "太原理工大学": [
    112.526484,
    37.857997
  ],
  "内蒙古大学": [
    111.691506,
    40.810391
  ],
  "大连理工大学": [
    121.524803,
    38.88649
  ],
  "东北大学": [
    123.419167,
    41.659339
  ],
  "辽宁大学": [
    123.408837,
    41.831606
  ],
  "大连海事大学": [
    121.534598,
    38.867072
  ],
  "吉林大学": [
    120.792283,
    40.611722
  ],
  "延边大学": [
    129.491385,
    42.907817
  ],
  "东北师范大学": [
    125.331133,
    43.861391
  ],
  "哈尔滨工业大学": [
    126.632923,
    45.743265
  ],
  "哈尔滨工程大学": [
    126.682563,
    45.776625
  ],
  "东北农业大学": [
    126.726206,
    45.743601
  ],
  "东北林业大学": [
    126.634659,
    45.720463
  ],
  "复旦大学": [
    121.499529,
    31.296349
  ],
  "同济大学": [
    121.506269,
    31.281904
  ],
  "上海交通大学": [
    121.437347,
    31.026185
  ],
  "华东理工大学": [
    121.425226,
    31.140812
  ],
  "东华大学": [
    121.473667,
    31.230525
  ],
  "上海海洋大学": [
    121.89691,
    30.882894
  ],
  "上海中医药大学": [
    121.596488,
    31.194051
  ],
  "华东师范大学": [
    121.465347,
    31.027562
  ],
  "上海外国语大学": [
    121.481101,
    31.274864
  ],
  "上海财经大学": [
    121.496332,
    31.307672
  ],
  "上海体育学院": [
    121.525348,
    31.31233
  ],
  "上海音乐学院": [
    121.452845,
    31.188986
  ],
  "上海大学": [
    121.39571,
    31.314023
  ],
  "上海科技大学": [
    121.594551,
    31.17614
  ],
  "海军军医大学": [
    121.520574,
    31.309773
  ],
  "南京大学": [
    120.738341,
    31.276346
  ],
  "苏州大学": [
    120.640536,
    31.304817
  ],
  "东南大学": [
    120.378841,
    31.482158
  ],
  "南京航空航天大学": [
    118.792231,
    31.938249
  ],
  "南京理工大学": [
    118.855629,
    32.02891
  ],
  "中国矿业大学": [
    117.195929,
    34.221719
  ],
  "南京邮电大学": [
    118.929918,
    32.104839
  ],
  "河海大学": [
    119.576472,
    31.6746
  ],
  "江南大学": [
    120.283996,
    31.500666
  ],
  "南京林业大学": [
    119.181991,
    31.604217
  ],
  "南京信息工程大学": [
    118.715383,
    32.203407
  ],
  "南京农业大学": [
    118.841573,
    32.029038
  ],
  "南京医科大学": [
    118.890191,
    31.933628
  ],
  "南京中医药大学": [
    118.938133,
    32.103863
  ],
  "中国药科大学": [
    118.913928,
    31.897882
  ],
  "南京师范大学": [
    118.911161,
    32.092596
  ],
  "浙江大学": [
    122.164031,
    29.997861
  ],
  "中国美术学院": [
    120.209903,
    30.246566
  ],
  "宁波大学": [
    121.636479,
    29.908539
  ],
  "安徽大学": [
    117.211965,
    31.770207
  ],
  "中国科学技术大学": [
    117.227267,
    31.820567
  ],
  "合肥工业大学": [
    117.296145,
    31.841767
  ],
  "厦门大学": [
    118.10263,
    24.436214
  ],
  "福州大学": [
    119.20348,
    26.058382
  ],
  "南昌大学": [
    116.395214,
    27.961574
  ],
  "山东大学": [
    120.678584,
    36.368994
  ],
  "中国海洋大学": [
    120.382665,
    36.066938
  ],
  "中国石油大学（华东）": [
    120.171981,
    35.946967
  ],
  "郑州大学": [
    113.53591,
    34.817077
  ],
  "河南大学": [
    113.753094,
    34.767052
  ],
  "武汉大学": [
    114.364514,
    30.536243
  ],
  "华中科技大学": [
    114.418457,
    30.512688
  ],
  "中国地质大学（武汉）": [
    110.970369,
    30.830816
  ],
  "武汉理工大学": [
    114.351588,
    30.519863
  ],
  "华中农业大学": [
    114.355923,
    30.472223
  ],
  "华中师范大学": [
    114.361271,
    30.517521
  ],
  "湘潭大学": [
    112.862867,
    27.883392
  ],
  "湖南大学": [
    112.945185,
    28.177932
  ],
  "中南大学": [
    112.93174,
    28.163576
  ],
  "湖南师范大学": [
    112.946191,
    28.183942
  ],
  "国防科技大学": [
    112.945956,
    28.24107
  ],
  "中山大学": [
    113.300579,
    23.092232
  ],
  "暨南大学": [
    113.327597,
    23.1308
  ],
  "华南理工大学": [
    114.227255,
    22.668141
  ],
  "华南农业大学": [
    113.357553,
    23.158017
  ],
  "广州医科大学": [
    113.426049,
    23.041571
  ],
  "广州中医药大学": [
    113.269091,
    23.157364
  ],
  "华南师范大学": [
    113.350294,
    23.151315
  ],
  "南方科技大学": [
    114.002365,
    22.599631
  ],
  "广西大学": [
    107.779443,
    22.512739
  ],
  "海南大学": [
    110.339567,
    20.058013
  ],
  "重庆大学": [
    106.472604,
    29.563815
  ],
  "西南大学": [
    105.582374,
    29.397247
  ],
  "四川大学": [
    104.092227,
    30.633585
  ],
  "西南交通大学": [
    104.423073,
    31.127439
  ],
  "电子科技大学": [
    104.098245,
    30.673683
  ],
  "西南石油大学": [
    106.112535,
    30.825061
  ],
  "成都理工大学": [
    104.147531,
    30.675012
  ],
  "四川农业大学": [
    102.995598,
    29.9775
  ],
  "成都中医药大学": [
    104.068065,
    30.626401
  ],
  "西南财经大学": [
    103.818232,
    30.685831
  ],
  "贵州大学": [
    106.675885,
    26.44977
  ],
  "西藏大学": [
    91.180726,
    29.642515
  ],
  "西北大学": [
    108.923326,
    34.247411
  ],
  "西安交通大学": [
    108.939645,
    34.343207
  ],
  "西北工业大学": [
    108.910038,
    34.240884
  ],
  "西安电子科技大学": [
    108.918235,
    34.235733
  ],
  "长安大学": [
    108.902411,
    34.370293
  ],
  "陕西师范大学": [
    108.953253,
    34.206264
  ],
  "空军军医大学": [
    108.939645,
    34.343207
  ],
  "兰州大学": [
    103.856573,
    36.047456
  ],
  "青海大学": [
    101.749406,
    36.728189
  ],
  "宁夏大学": [
    106.258889,
    38.472273
  ],
  "新疆大学": [
    87.614063,
    43.769503
  ],
  "石河子大学": [
    86.057313,
    44.307031
  ],
  "中央戏剧学院": [
    116.41859,
    39.92973
  ]
}